,0
0,Trauma Team needs to come to the American E-shop.
1,@PTSD_Chat Yes. I feel the root of that is Shame - which can be found in the rubble of most trauma. #PTSDchat
2,Photo: lavenderpoetrycafe: The Forgotten History of Sexual Trauma Hysteria was an affliction seen primarily... http://t.co/U2eS0Uk1u3
3,Trauma injuries involving kids and sport usually cycling related - CBC.ca http://t.co/0dQjereTXU
4,Butt Trauma Extraordinaire
5,Author Interview Michele Rosenthal-author of Your Life After Trauma.
6,A1: I started writing when I couldn't talk about my trauma in therapy it was the only way I could communicate #gravitychat
7,"Why #Marijuana Is Critical For Research in Treating #PTSD

http://t.co/T6fuAhFp7p 
#hempoil #cannabis #marijuana聣脹_ http://t.co/RhE7dXM7Ey"
8,Blood Memory: Intragenerational Trauma and the Death of Sandra Bland http://t.co/ZWeyGpHpf7
9,Both kids got haircuts w minimal trauma. Clearly that calls for wine
10,I need to plan a trip to Cleveland soon! ??
11,Esteemed journalist recalls tragic effects of unaddressed #childhood #trauma. @keithboykin @RandallPinkston @pozarmy  http://t.co/GXq1Auzb18
12,It partially has something to do with my trauma as well. But that's a long story and honestly I don't like to talk about it.
13,@mustachemurse @dateswhitecoats the truth. I pulled a 16 out. And apparently a 22 in the crazy adult trauma. And they mocked me for the 22.
14,"Simmering beneath #NHL good times the league's own concussion issues @PioneerPress

http://t.co/zl7FhUCxHL"
15,What happens to us as sexual trauma #survivors defines us as much as we agree with the perpetrators who hurt us.
16,Traumatised after seeing a baby literally fall out of that lady. She only went for a wee great catch! #oneborn
17,Back in Ireland v. sad/traumatised as is freezing and not beautiful Parisian summer to which have become accustomed.
18,I'm so traumatised.
19,go easy on her paul the poor woman has been traumatised by a cake #GBBO
20,@Ruddyyyyyy @JamieGriff97 Jamie is too traumatised to answer http://t.co/VzgslEPkkH
21,I'm that traumatised that I can't even spell properly! Excuse the typos!
22,@AnnmarieRonan @niamhosullivanx I can't watch tat show its like a horror movie to me I get flashbacks an everything #traumatised
23,@PyramidHead76 one good thing came out of watching the film.  Was too traumatised to watch show so started Halt &amp; Catch Fire on Amazon. :D
24,@ianokavo96 he's still traumatised
25,Think I'm traumatised for life
26,America like South Africa is a traumatised sick country - in different ways of course - but still messed up.
27,...the kids at the orphanage were obviously not too traumatised. http://t.co/DjA4relcnS
28,@MPRnews 600!!! WOW!!! that's a lot of traumatised kids!!!!!
29,Yessum I'm traumatised ??
30,@PerkPearl that's just not on. I'd be traumatised are you OK? The car has gone and now for #GBBO and relax.....
31,@vienna_butcher ITS NOT FUNNY IM TRAUMATISED
32,@wrongdejavu I'm traumatised
33,@malabamiandsons she's proper traumatised that pepper is 'dead' I can't wait to see her face
34,@disneyIrh so traumatised im ???? http://t.co/TATZfK63Ch
35,Sending a snapchat to the wrong person instead of your brother about the toilet ?? ?? ???? #snapchatselfie #wrongperson  #traumatised
36,@EMILY4EVEREVER haha it's alright..but more than twice is just stupid ;) he's traumatised ????
37,I'm so sad Kids Company has closed. After all the talk thousands of traumatised young people will suffer. But... http://t.co/efg8RtH9Rb
38,@Jude_Mugabi not that all abortions get you traumatised. At times you are okay with the decision due to reasons like rape
39,"聣脹脧@_keits: @LIVA_GOTTA get a gold chain you'll understand聣脹聺

One boy gave me one and my neck went green It traumatised me"
40,@CiaraMcKendry mine came on the day after my data renewed this month i was traumatised
41,A traumatised dog that was found buried up to its head in dirt in France is now in safe hands. This is such a... http://t.co/AGQo1479xM
42,A spider has legit just run across my chest. Traumatised. For. Life.
43,@VickyBrush LOL! I was a traumatised child. On Wednesday @jimmyfallon releases topic for Thursday hashtag game. This is this weeks. Xoxo
44,I'm slightly traumatised after this week's one born!
45,@KushWush I'm still traumatised by your driving. Having flashbacks of the lane hogging ??
46,@cwheate hahaha I'm half traumatised half hoping my labour is that easy ??
47,I'm traumatised???? @megancoopy @laurathorne97 http://t.co/MeSqTVdu63
48,@ArgentaElite haha traumatised !!!! Hell no I want a job ?? xxx
49,@brookesddl I am traumatised the lil shit nearly hopped in the bloody shower with me
50,Budget? Oh I am in trouble... but yes I would agree. #VarageSale  @Candace_Dx
51,19 Things You'll Understand If You Have Trouble Talking to People http://t.co/sHaZNLMsFE
52,Having trouble understanding the rotations within a left-leaning Red Black Tree.: My class is currently learni... http://t.co/wGl4LUbnw1
53,@lucysforsale funny cause my dumb ass was the young one to get n trouble the most lol
54,A man a woman Romance &amp; South Afrikaan Trouble - on # sale PreOrder #theBargain - http://t.co/UMl5jZTmcB
55,@canagal Good to hear it's back.. that storm's been given you guys trouble though :( ^SJ
56,@BadAstronomer ...I have a lot of trouble getting both students and adults to understand that the moon is farther away than they think.
57,Noel back up
58,Trouble trouble when I don't get my way ????
59,@smoak_queen 'I'm going to be in so much trouble.'
60,@JusstdoitGirl never said it was a problem and shit working tryna stay out of trouble wbu big homie
61,@comcastcares hey it's happing again. Any trouble shooting steps for when this happens?
62,@annajhm @JCOMANSE @paul_staubs @rslm72254 @blanktgt You must've got in trouble ??that's why you have #Fartanxiety now????
63,OH MY GOD RYANS IN TROUBLE http://t.co/ADIp0UnXHU
64,Live updates: Boyd gets out of trouble in 5th http://t.co/3ugfpwMY2x via @detroitnews
65,Strawberries are in big trouble. Scientists race to find solution. http://t.co/MqydXRLae7 http://t.co/EpJjkB4Be9
66,聣脹脧@YMcglaun: @JulieKragt @WildWestSixGun You're a lot safer that way.聣脹聺yeah a lot more stable &amp; if I get in trouble I have a seat right there
67,The trouble in one of Buffett's favorite sectors http://t.co/J4dqPFLMkR
68,When there's trouble you know who to caaaaaall
69,why is it trouble@niallhariss / @simply_vain live on http://t.co/iAhJj0agq6
70,The worst  voice I can ever hear is the 'Nikki your in trouble' voice from my mom
71,@_charleyisqueen Yeah well maybe if the barber didn't cut my hair too short on top I wouldn't of gone through the egg trouble????
72,Love how I don't get in any trouble for having people over and the house still being trashed
73,@KerryKatona7 hello wud u kindly consider following me bak please I'm never any trouble lol many thanks :-)
74,@TJ_Robertson2 no bc we always got in trouble for laughing too much ??
75,@charlieputh that song have a Cool beat like Nothing But Trouble
76,Reddit's new content policy shows that maybe Reddit can't have it all http://t.co/YO3T8qho9h via @nkulw http://t.co/8oDTzMvqaR
77,@astros stunningly poor defense it's not all on the pitcher. If our bats are MIA like the top of 1st inning this team is in trouble.
78,If you have trouble getting motivated remember that time is going to pass and that regret is going to make its way around - Matthew Donnelly
79,Nothing but trouble - Lil Wayne &amp; Charlie Puth????????
80,Trouble with mental fog? Consider these tests: http://t.co/XAerMBMvlv
81,I feel so lucky rn
82,@freefromwolves GodsLove &amp; #thankU brother Danny for RT of NEW VIDEO http://t.co/cybKsXHF7d The Coming Apocalyptic US Earthquake &amp; Tsunami
83,#BBShelli seems pretty sure she's the one that's going to stay! #BB17
84,#sing #tsunami Beginners #computer tutorial.: http://t.co/ukQYbhxMQI Everyone Wants To Learn To Build A Pc. Re http://t.co/iDWS2ZgYsa
85,It's my senior year I just wanna go all out
86,#sing #tsunami Beginners #computer tutorial.: http://t.co/ia44ncZLif Everyone Wants To Learn To Build A Pc. Re http://t.co/oGTuV1pLhT
87,@tsunami_esh ?? hey Esh
88,@TSUNAMI_nopeach ?????? I'm weak af
89,Man my stomach feel like a tsunami ??.
90,@tsunami_esh ESH PLEASE OKAY!
91,@author_mike Amen today is the Day of Salvation. THX brother Mike for your great encouragement. - http://t.co/cybKsXHF7d Coming US Tsunami
92,@Kamunt Holy crap it's been forever since I saw this movie but the nostalgia wave just hit me like a tsunami! Thank youuu!
93,I want some tsunami take out
94,All of this energy
95,@Eric_Tsunami worry about yourself
96,It's alil twister at Tha end to! I was like oh nah ??
97,Gail and Russell saw lots of hail at their Dalroy home - they have video of twister 1/2 mile from their home #yyc http://t.co/3VfKEdGrsO
98,Want Twister Tickets AND A CHANCE AT A VIP EXPERIENCE To See SHANIA!!! CLICK HERE: http://t.co/964dk4rwwe
99,Just stop fucking saying 聣脹脧a whole 聣脹梅nother聣脹聺. It just sounds fucking stupid. You fucking mean 聣脹脧a whole other聣脹聺. Not a fucking tongue-twister.
100,"950. If a landslide tumbles down todayI'm on your side

And if a twister sweeps it all away-

YOU'RE ON YOUR OWN BITCH!*runs into distance*"
101,love 106.1 The Twister @1061thetwister  and Maddie and Tae #OKTXDUO
102,Brain twister homefolks are opinionated over against proposal modernized canada: oMw
103,Crazy Mom Threw Teen Daughter a NUDE Twister Sex Party According To Her Friend59 more pics http://t.co/t94LNfwf34 http://t.co/roCyyEI2dM
104,The Sharper Image Viper 24' Hardside Twister (Black) http://t.co/FXk3zsj2PE
105,Twister was fun https://t.co/qCT6fb8wOn
106,Brain twister let drop up telly structuring cast: EDcXO
107,I'm in bed eating a twister and drinking a cup of tea. I am not dunking the twister in the tea. That would be well weird.
108,@sarahmcpants @JustJon I'll give him a titty twister
109,Last Second OutBid RT? http://t.co/lBPX8buCnv 2 - Catlow C720 Twister Swivels 3/4' 3dc Fuel Line Made In Usa ?Please Favorite &amp; Shar
110,Reasons brain twister oneself should discount redesigning yours website: ItrAWcWB
111,"Check out 'Want Twister Tickets AND A VIP EXPERIENCE To See SHANIA? CLICK HERE:' at  http://t.co/3GEROQ49o1
I would Love Love Love!! To win"
112,This is my jam: Riser by Dierks Bentley @1061TheTwister ? #iHeartRadio #NowPlaying http://t.co/zQoScQD64h http://t.co/yLvVF139BB
113,@ellenfromnowon 7-speed nexus shifter 氓拢9! (For community cargo bike?) http://t.co/rjPjBwVfck
114,Anyone wanna come over and watch Twister with me? #toosoon :-)
115,Crazy Mom Threw Teen Daughter a NUDE Twister Sex Party According To Her Friend50 =&gt;http://t.co/Hy5Pbe12TM http://t.co/c1nJpLi5oR
116,@briannafrost Twister with Bill Paxton and Helen Hunt!
117,@carolinagutierr grande twister!!!
118,HAPPY 24 TWISTER!!! Thank you for all the laughs sticking by my side no matter what and also for聣脹_ https://t.co/ttq9IlHp8W
119,I liked a @YouTube video http://t.co/Cj76K0YaYj EXTREME PAINT TWISTER
120,@ElianaRaquel Like GG was BAD in the end... But at least I cared a little when GG was Dan. Cause it was a twister. I don't know Wilden IDC
121,You are listening to LLEGASTE TU - TWISTER EL REY
122,White Twister Black shift knob M6x1.00 Thread Size http://t.co/SqpshAWs0w http://t.co/udlEbH88uZ
123,TWISTER DANCE Game  Dance Console Instructions Cable 5 Pre Loaded Songs http://t.co/BcsXyEc4ji http://t.co/DfXI76kvX0
124,@rodarmer21 10 dolla says wicked twister won't be running
125,Wish I had a personal hair twister
126,Does the opening scene of Harry Potter and the Order of the Phoenix remind anyone else of the movie Twister? Just me? Okay
127,Drunk twister is so hard ????
128,@TheBuffShow @TheTwisterOkc My boyfriend wants too see @ShaniaTwain too! #TwisterLovesShania ?????? http://t.co/O61h2tAaE4
129,Some curls come out so pretty and some look like I just finished shooting the movie Twister
130,Am now repped by the fantastic Laura Milne @TheJonesesVoice for all your liguistic needs. And that's some tongue twister tweets
131,@jrlallo My narrator will have to say 'chemically interesting lavatory' for DB5. Not quite the tongue twister but certainly odd. :P
132,RT_America: RT RT_com: Eye of Super Typhoon Soudelor seen from space (TIME-LAPSE) https://t.co/FC3BxRtHPG http://t.co/BIU4koWGlz
133,Buddha was 'man for his time' - massive urbanisation and social upheaval also challenged Brahmans dominance ('Genius of the Ancient World').
134,A look at state actions a year after Ferguson's upheaval http://t.co/GZEkQWzijq
135,USW: 'The damage from abandoning the deal could well create a new level of uncertainty...economic upheaval &amp; military unrest'
136,R'lyeh by Upheaval http://t.co/829n4HJHOL
137,A look at state actions a year after Ferguson聣脹陋s upheaval  http://t.co/G5ZsRU0zVQ
138,Series finale of #TheGame :( It survived so much upheaval but the audience got so much good story.
139,Newberg upheaval: Jacque Betz responds 'looking forward to the day' she can answer聣脹_ http://t.co/LzasR05ljo  #news http://t.co/IeMxGSE2BE
140,Save the upset and stress of upheaval and let us help keep #elderly people independent! #companionship #care #Chester @chestertweetsuk
141,"Medieval Upheaval (Hardy Boys: The Secret Files Book 18)
Franklin W. Dixon - Aladdin - Kindle Edition. http://t.co/braoUBgEC2"
142,Upheaval high note for bush opera http://t.co/aWPU0gaE0b #Sydney #News #Aus
143,An indepth look at the new world of work and how young people businesses and economies are coping with huge upheaval http://t.co/aYP6zVHm2A
144,Ancient Mayan Tablet with Hieroglyphics Honors Lowly King http://t.co/xh4dZ1gpyw http://t.co/g0hsyH7YaV
145,In depth: the new world of work and how young people businesses and economies are coping with huge upheaval http://t.co/0blKwCuPZq via @ft
146,A look at state actions a year after Ferguson's upheaval http://t.co/TBQsqtmqV4
147,"But...! Oh! 

How rich the soil?!

How wonderful the upheaval!?

-@ENTERSHIKARI"
148,Tt kettlebell upheaval blueprint over chris lopez hindsight: JhmNYe
149,"How long O Lord (Study 3)
 The sixth seal opens the events of Revelation 12. The political upheaval in the Roman... http://t.co/GW0CXoOJyV"
150,Loan Upheaval Is The Way In Which Oneself Can Save Your House Leaving out Being Foreclosed On...TEJc
151,Ancient Mayan Tablet Found in Jungle Temple http://t.co/qp6q8RS8ON
152,Acquire your postexistence straight a elevation in addition to upheaval ideas yet perquisite: bRZjc
153,#Tigers Wonder how much the upheaval with team is affecting different players tonight?
154,Ancient Mayan Tablet with Hieroglyphics Honors Lowly King http://t.co/Im6m4XAeN2
155,Ancient Mayan Tablet with Hieroglyphics Honors Lowly King http://t.co/WqIKqx9E3w
156,RT '@LiveScience: Ancient Mayan Tablet with Hieroglyphics Honors Lowly King: http://t.co/dpgdnaoY4p http://t.co/4fCJFDKdZS
157,Ancient Mayan Tablet with Hieroglyphics Honors Lowly King: A 1600-year-old Mayan stone tablet describing the ... http://t.co/GLPFu0Uriz
158,Ancient Mayan Tablet found via http://t.co/LmUMzkLtln http://t.co/yebxxAryBF http://t.co/SRRUqfffr6 http://t.co/CadzxAgMSI
159,August 5: Your daily horoscope: A relationship upheaval over the next few months may be disruptive but in the ... http://t.co/gk4uNPZNhN
160,Lyf needs quality and a certain sense of security. Being with a person you can't trust can only cause stress and emotional upheaval.
161,A Look at State Actions a Year After #Ferguson's Upheaval http://t.co/qwSbVfLPE1
162,The Great Upheaval By Winik Jay http://t.co/Ef4swP9SXZ http://t.co/Nb7MAAAOfs
163,To navigate inevitable upheaval internal audit must lead the way http://t.co/je86VetDxh
164,Newberg upheaval: Jacque Betz responds 'looking forward to the day' she can answer questions #orcot #orpol http://t.co/dazQaMOO0C
165,A look at state actions a year after Ferguson's upheaval http://t.co/vXUFtVT9AU
166,@abcnews UK scandal of 2009 caused major upheaval to Parliamentary expenses with subsequent sackings and prison. What are we waiting for?
167,"Violent Forces Radio: Now Playing Agony - Storm of the apocalypse
TuneIn Player @ http://t.co/XsSgEdSbH4"
168,I don't understand 'taking' ANY life as a trophy. It's violent killing. http://t.co/NEqW47E1uj #CecilTheLion #BADChoices #BANTROPHYHUNTING
169,"Violent Forces Radio: Now Playing Acid Storm - Scourgue Of The Gods
TuneIn Player @ http://t.co/XsSgEdSbH4"
170,1.9 #Earthquake in 5Km S Of Volcano Hawaii #iPhone users download the Earthquake app for more information http://t.co/V3aZWOAmzK
171,http://t.co/Ns1AgGFNxz #shoes Asics GT-II Super Red 2.0 11 Ronnie Fieg Kith Red White 3M x gel grey volcano 2 http://t.co/oD250zshFy
172,http://t.co/3nUiH6pkUi #shoes Asics GT-II Super Red 2.0 11 Ronnie Fieg Kith Red White 3M x gel grey volcano 2 http://t.co/2ufCC6gH3m
173,I added a video to a @YouTube playlist http://t.co/y2Mt6v13E8 Doc: Volcanoes and Earthquakes - Inside the Volcano
174,@alextucker VOLCANO BOWL DRINK
175,Brian Shaw + J.J. Hickson + Kenneth Faried trying to defend LaMarcus Aldridge was A BLOOD VOLCANO http://t.co/20TWGPmM7d
176,@lexi_purduee the volcano by it ??????
177,@volcano_tornado live somewhere else for a while and Da Mill ain't too bad son! #perspective
178,This LA Startup Is So Hot that Their Flowers Come Straight from a Volcano http://t.co/R3PDdjPiEe via @LATechWatch
179,Sitting still in the #CityofMemphis traffic is like sitting in a war zone! They don't move for the Police.. They don't care
180,Zone of the Enders MGS2 God of War. RT @D_PageXXI: Quote this with your favorite PS2 game
181,Bedroom clean  bathroom clean  laundry done .. Shit was looking like a war zone in here ??
182,This bed looks like a war zone.
183,Thank you to @scegnews! Our neighborhood looks like a war zone but we had power back in 4 hours!
184,Rip mama but I'm still thuggin cause the world is a war zone
185,GEARS OF WAR 1!(preview member) Come chat! XB1! Welcome to the DANGER zone!: http://t.co/6SdgZ5DXNt
186,They turned Jasmines house into a war zone. ?? #LittleWomenLA
187,Sundays during football seasonfrom about 9 am - 11 pm women shouldn't even log onshit be a complete war zone
188,mama I'm still thugging the world is a war zone
189,the war on drugs has turned the U.S. into a WAR zone.
190,#DebateQuestionsWeWantToHear If U start another war would U B willing 2 go 2 the war-zone yourself or send UR sons and/or daughters 2 fight?
191,Mama I'm still thuggin the world is a war zone my homies is inmate and most of em dead wrong.
192,Packing for CT aka my room looks like a war zone
193,@kasiakosek the drive sucks in my case because I know my desk looks like a war zone and then everyone goes into the 'I need this' mode
194,Looks and sounds like a war zone
195,How do people bake without turning their kitchen into a war zone of eggs and flour
196,Greedy had me in the war zone ! Lmao
197,@RobertONeill31 Getting hit by a foul ball while sitting there is hardly a freak accident. It's a war zone.
198,#GrowingupBlack walking past chicken frying was like entering a war zone.
199,THIS IS A ONE DIRECTION CONCERT NOT A WAR ZONE WHAT IS THIS #OTRAMETLIFE http://t.co/PtY9HRCUZH
200,Looks like a war zone outside. What's going on?
201,-honey you ain't no angel. You like to scream these words as a weapon. Well go ahead take your best shot woman. I wanna leave you it's
202,Abe government said the missiles were not 'weapon' so JSDF could provide them to the ally when collective self defense right was exercised.
203,Please allow me to reiterate it's not the weapon it's the mindset of the individual! #professional #help! -LEGION! https://t.co/2lGTZkwMqW
204,Fur Leather Coats sprite &amp; weapon of choice was a lifestyle chosen back in '02 http://t.co/N9SNJMEVI6
205,@RogueWatson Nothing wrong with that. The Lethal Weapon series is great. Yes they're ALL great.
206,@junsuisengen changing my weapon!
207,@DwarfOnJetpack I guess I can say you and me might have one thing in common my biological father made me this way to be his weapon
208,FUCK NUCLEAR WEAPON
209,BUT I will be uploading these videos ASAP so you guys get to see the new weapon types in action!
210,GUN FIREARM WEAPON VECTOR CLIP ART FOR VINYL SIGN CUTTER RIFLE GUNS WEAPONS http://t.co/sdOgEF3kFT http://t.co/x0giy85BS8
211,@RosemaryTravale Do we all use the same weapon? 'cause we might be screwed XD
212,@Weapon_X_music hey guys thanks for a rock in my world and for the follow????????
213,"@muttatek m believe my 'blue' not isis kwwwkwwwk 
Without weapon 'blue' will hug me jiahahahha 
Yeyeulala...."
214,I... I might buy my esoteric weapon for astrologian...
215,Pulse rifles after weapon tuning? http://t.co/UwObuUW2mK
216,Rare insight into #terror and How to fight it http://t.co/t6OBVWaPhW #Cameroon #USA #Whitehouse #ES #FR #Nigeria #UK #Africa #DE #CA #AU #JP
217,Back to back like I'm on the cover of lethal weapon
218,#InsaneLimits #plugin enabled  @'    =TPS= | TDM | 400T | HARDCORE | LOCKER | WEAPON RULES' using 3 limits
219,Abe's government made clear that grenades were not 'weapon.'
220,only weapon im scared off is karma
221,Even if u have your weapon and your badge we gonna put them choppas on your ass????
222,"Slosher is GOAT. Freaking love that weapon. Can't wait to do an episode of Splatdown with it.

Switching to the Splatling Gun now."
223,@ThatRussianMan you're too busy finishing those weapon designs
224,So yeah splatoon is still lots of fun and default splattershot jr is still the only weapon layout I'm good at
225,'Education is the most powerful weapon which you can use to change the world.' Nelson #Mandela #quote http://t.co/QR1L2JYUEZ
226,@SalmanMyDarling I will watch your dub again it will be 100 % again ???? I also have other 3 ..will use one weapon today :p
227,@Snazzychipz OMG... WHAT IS THE SUB WEAPON
228,Weapon's catalogue~
229,"Lol
Look how tough some people talk that live in some of the most gang infested cities in America
Your mouth isn't a weapon
You fucking wimp"
230,I'm servicin in my section I'm lurkin I'm with my weapon
231,@danagould @WaynesterAtl I agree with background checks. I just think guns or weapons in general are the great equalizer.
232,#Kick Hendrixonfire  @'=BLACKCATS= | BIG NOOB CONQUEST | MIXED MAPS | ALL WEAPONS' for violated K/DR  Limit /Server  max 3
233,Agreed there - especially on automatic weapons. There's no legitimate reason for needing one @Argus_99 @HeidiA1438
234,"The thing with rules is break it once it becomes easier the next time.
http://t.co/hGb1mc3IRk  https://t.co/6ysXGhc8gz"
235,I'm sorry but if you have to resort to weapons to settle something you're a pussy win or lose take your shit like a man &amp; leave it at that
236,Incredulous at continued outcry of welfare being a waste of taxpayers money but never similar objection to 氓拢100bn on nuclear weapons
237,Weapons stolen from National Guard Armory in New Albany still missing #Gunsense http://t.co/lKNU8902JE
238,Hello Twitter i need some book bloggers and interviews regarding my book Weapons Formed Against Me #ineedexposure
239,I liked a @YouTube video from @dannyonpc http://t.co/AAuIzGGc9Q Battlefield Hardline - 11 NEW WEAPONS - New map - Throwingknifes!
240,WOOOOOOO RT @GameRant: Call of Duty: Black Ops 3 eSports Mode Lets Players Ban Weapons http://t.co/76EHHmQQ6R http://t.co/umtffA9JjB
241,A thought on not dismantling our weapons 'yet' http://t.co/vn0acCF6D4
242,@NRO Except when ordered not to carry unauthorized weapons while on duty or in military uniforms. THATS THE RULE FOOL
243,Mere sight of a gun makes police 聣脹脪 and public 聣脹脪 more aggressive experts say http://t.co/N4NEUIyt2k
244,Your Router is One of the Latest DDoS Attack Weapons http://t.co/vXxMvgtzvg #phone #gaming #tv #news
245,@eyecuts @Erasuterism I love 96 Gal Deco to death even if it's a bit trickier to be great with. Glad more weapons are getting Splash Wall
246,#Battlefield 1942 forgotten hope secret weapons
247,I think this is my plan for retirement. Check out the weapons of mass instruction! #bookmobile #libraries #reading http://t.co/L2NMywrmq2
248,#bigbrother #ch4 The X-37b's big brother revealed: Boeing bags $6.6m contract to design ... - Daily Mail http://t.co/0migwcmtJe
249,PM Abe pledged to make every effort to seek a world without nuclear weapons. http://t.co/CBXnHhZ6kD
250,@david_hurn @ToKTeacher Why is there something in place to prevent skynet? Because perhaps there should be! http://t.co/73Umw2iGRZ
251,I will adamantly opposed to nuclear weapons.
252,I liked a @YouTube video from @dannyonpc http://t.co/AD38KWoGlh Battlefield Hardline - 11 NEW WEAPONS - New map - Throwingknifes!
253,@kirstiealley @_AnimalAdvocate Or pay it for a photo safari no weapons allowed. Otherwise=they just like to kill something.
254,I liked a @YouTube video from @dannyonpc http://t.co/PyVRPrNhOP Battlefield Hardline - 11 NEW WEAPONS - New map - Throwingknifes!
255,Hey all you love birds! We have been getting submissions for the Whirlwind Wedding Wars and they are so fantastic! Keep sending them guys!
256,"I stand alone
don't piss and moan
about my choices made
If I must reap the whirlwind so be it
I'll do so with demeanor calm and staid"
257,A quarter whirlwind. They don't see it coming.
258,HELP I'M IN A WHIRLWIND OF NOSTALGIA
259,Sitting in a cafe enjoying a bite and cramming for my meeting during my whirlwind 14-hours in NYC! https://t.co/TO0BPiEymS
260,Only been back 10 &amp; a whirlwind has hit jaiden started open his present straight away didn't even get chance get in &amp; sit down lol
261,"life can wild when... 
you're caught in a whirlwind ??"
262,It was a whirlwind love affair that began over back fat and grew into much more.
263,Eyes smile. Pretty smile.  Good hair. Miss Luhan in exo. ???????? http://t.co/y7O55by36f
264,NEW YORK: A whirlwind day of activities in New York. Breakfast at the Millennium Hotel United Nations Plaza. Lunch... http://t.co/laYZBA9y8h
265,PawSox owners public return from whirlwind trip to Durham - Knoxville News Sentinel http://t.co/9ckggGYvOU http://t.co/u0vdBrXfia
266,@DrMartyFox     In the U.S. government and Libs made evil good and good evil. We will reap the whirlwind. Lord have mercy on us.
267,@VixMeldrew sounds like a whirlwind life!
268,I moved to England five years ago today. What a whirlwind of time it has been! http://t.co/eaSlGeA1B7
269,Whirlwind Medusa Audio Snake: 16 microphone inputs 0 returns 150 ft http://t.co/mxkAlMQpdb http://t.co/8KZnhtYtt9
270,"{INFO} Baekhyun and Suho will be attending the Idol Sports Championship on August 10th
Cr: SYJEXO 
 http://t.co/oAZjPwUeYR"
271,@byuwnbeki The sad eyes and tacit stories in your heart that night in which the whirlwind was raging
272,???? throwback Thurs ?? ????  Will You Still Love Me Tomorrow http://t.co/wmoyibWEc1 ??   @LucyMayOfficial  ?? ?? #Whirlwind http://t.co/0rsverLzTm
273,Last Second OutBid RT? http://t.co/KrNW0Wxhe5 30pcs 12mm Ab Resin Flower Whirlwind Flatback Rhinestone Wedding Decoration ?Please Fa
274,Two hours to get to a client meeting. Whirlwind of emotions with this #tubestrike
275,Whirlwind Head Scissor on @alexhammerstone @kttape ktfounder #RemyMarcel #FroFroFro聣脹_ https://t.co/B19z8Vi3td
276,Feel like I've got no control of anything that goes on in my life at the minute. #whirlwind #drained
277,Richard returns after whirlwind few days http://t.co/L8W30WFW3R #MLB
278,Set a new record.... 7 states in 4 days. I don't even know where I am when I wake up anymore. What a whirlwind! Loving every minute though.
279,reap the whirlwind
280,@TheEmoBrago back doing another jitsu making a hexagon on the ground as you laid there.* 64 palms of whirlwind * I yelled as air began to +
281,In @edfringe? We highly recommend @M00NF00L #Titania @Summerhallery A whirlwind reimagining /Shakespeare's Midsummer https://t.co/iIAIGZkbnJ
282,The Whirlwind! Scourge of Europe! RT @whedonesque Or you could just watch the Fanged Four http://t.co/Q0JHDcU6Ly
283,Whirlwind weekend #1 starts in 12 hours #cantwaittoplayinminneapolis
284,this week has been a whirlwind but this  is exactly what i imagined the nyc version of my career to be like
285,MY GIRL GOT A GIRLFRIEND CHEVY BLUE LIKE WHIRLWIND.
286,#picthis http://t.co/br7gmMh5Ek 聣脹脫 And I聣脹陋m off! Thank you so much #Toronto. It has been such a whirlwind of amazingness. So glad I finall聣脹_
287,This past week has been an absolute whirlwind.... Athens bound
288,WIN: Lisowski whitewashes the Whirlwind 5-0 in round 2 of Shanghai Masters Quals! |  http://t.co/MLigPUHVOh #snooker http://t.co/TcS2Cd5y6y
289,My brother-n-law riooooos got the call to head up north and fight the wild fires. Dudes a beast at聣脹_ https://t.co/463P0yS0Eb
290,God forbid this is true #California has enough problems with severe #drought &amp; #wild fires. http://t.co/CMsgexM4FC #Nuclear Power #SanOnofre
291,@Jennife29916207 I was thinking about you today when I was reading about the wild fires
292,Wild fires freak me the fuck out. Like hell no
293,Man! What I would give to be in CA right now to help with the wild fires.
294,"'Your love will surely come find us
Like blazing wild fires singing Your name'"
295,@WBCShirl2 Yes God doessnt change  he says not to rejoice over the fall of people or calamities like wild fires  ect  you wanna be punished?
296,My heart goes out to all those effected by the wild fires in Cali????
297,Wild fires in California... Must be Global Warming. Can't just be extreme heat combined with dry foliage ignited by some douchebag hiker.
298,Does the #FingerRockFire make you wonder 'am I prepared for a wildfire'. Find out at http://t.co/eX8A5JYZm5 #azwx http://t.co/DeEeKobmXa
299,Parker Ridge Fact Sheet Aug 6 2015 (Parker Ridge Wildfire): Information Phone: 208-267-6773 Email: pa... http://t.co/ezEIsaSm0C #IDFire
300,'Some hearths they burn like a wildfire' https://t.co/of3td6DGLb by Bees Knees
301,NowPlaying GT &amp; Wildfire feat. Freaks In Love Feels Like It Should (Original Mix) Massive Dance Radio ListenLive: http://t.co/ANoDGXZR3E
302,Be ember aware! http://t.co/LZmL1xB2nH
303,#IDFire Parker Ridge Fact Sheet Aug 6 2015 (Parker Ridge Wildfire): Information Phone: 208-267-6773 Email: pa... http://t.co/ZggpaCjP7D
304,Is LA at Risk for a Giant Wildfire? - Which Way L.A.? on KCRW http://t.co/6AgMkx2WW4
305,I honestly wonder what it is that I had to do so wrong to lose everyone.
306,PHOTOS: The Rocky Fire has grown into California's most destructive wildfire this year. http://t.co/h9v4HoWtiP http://t.co/8IcSesHbj3
307,This machine really captured my attention. #helicopter #firefighting #wildfire #oregon #easternoregon聣脹_ https://t.co/V6qxnFHRxF
308,@_wildfire__ ???? Bruh that's the lady from Mulan!!
309,Oregon's biggest wildfire slows growth http://t.co/P0GoS5URXG via @katunews
310,For sixth year in a row premium costs for windstorm insurance to climb. This time by 5 percent. #GalvNews  https://t.co/Cm9TvE2Vsq
311,Windstorm lastingness perquisite - acquiesce in a twister retreat: ZiUW http://t.co/iRt4kkgsJx
312,'My Fifty Online Dates and why I'm still single' by Michael Windstorm $2.99 B&amp;N http://t.co/dde8GXaQrp   #nook #books #TheBachelorette
313,Texas Seeks Comment on Rules for Changes to Windstorm Insurer http://t.co/ei8QqhrEgZ #insurance
314,IJ: Texas Seeks Comment on Rules for Changes to Windstorm Insurer http://t.co/h132iuL7MU
315,*looks outside at the windstorm* niiiice
316,Texas Seeks Comment on Rules for Changes to Windstorm氓脢Insurer http://t.co/92fwtObi3U
317,When I breathe it sounds like a windstorm. Haha cool
318,#Insurance Texas Seeks Comment on Rules for Changes to Windstorm Insurer: The Texas Department of Insurance is...  http://t.co/byvUBg0WyE
319,Windstorm board OKs rate hike before change http://t.co/AI6kwOrBbT #politics #txlege #twia
320,One thing I wanna see before I die&gt; #Trump standing in a good windstorm with no hat on!!! #Hardball
321,@charlesadler Ian Lee's word is like 'A fart in a windstorm'. Such a browner.
322,Texas Seeks Comment on Rules for Changes to Windstorm Insurer http://t.co/BP6MfJHARS
323,Texas Seeks Comment on Rules for Changes to Windstorm Insurer http://t.co/BNNIdfZWbd
324,Shirley Caesar - Windstorm http://t.co/KoCH8SLasQ #nowplaying #listenlive
325,If you find your patio table umbrella and chairs flipped over and suspect foul play (instead of windstorm) you may be a suspense writer.
326,A fierce windstorm can't take place without da calm/stillness of the eye/center so w/ that said ur internal aspects weigh more than external
327,NW Michigan #WindStorm (Sheer) Recovery Updates: Leelanau &amp; Grand Traverse - State of Emergency 2b extended http://t.co/OSKfyj8CK7 #BeSafe
328,#Insurance: Texas Seeks Comment on Rules for Changes to Windstorm Insurer http://t.co/rb02svlpPu
329,Damn...was wondering where my drone ended up after the freak windstorm...?? https://t.co/dHgGxo7Mcc
330,@blakeshelton DON'T be a FART ??in a WINDSTORM.FOLLOW ME ALREADY. JEEZ.
331,Texas Seeks Comment on Rules for Changes to Windstorm Insurer http://t.co/BZ07c9WthX via @ijournal
332,the windstorm blew thru my open window and now my bong is in pieces just another example of nature's indifference to human suffering
333,'My Fifty Online Dates and why I'm still single' by Michael Windstorm $2.99 Amazon http://t.co/5KohO39oJE    #kindle  #datingtips #goodreads
334,Texas Seeks Comment on Rules for Changes to Windstorm Insurer http://t.co/XQIadG9H2w http://t.co/yPEElMjdZY
335,I also loved 'Bury my heart at wounded knee' too! #TheGame
336,The whole food stamp gov. assistance program needs to be retooled for wounded veterans retirees and handicapped only.  #NoMoreHandouts
337,Twilight's Encore (Wounded Hearts Book 3) by Jacquie Biggar http://t.co/ZnpTdIcQxE via @amazon #KindleCountdown #Sale #MFRWauthor #MGTAB
338,Let's not forget our wounded female veterans. http://t.co/rZ7fbr10xw
339,GENERAL AUDIENCE: On Wounded Families | ZENIT - The World Seen From Rome http://t.co/hFvnyfT78C
340,DESCRIPTIONS OF 'WOUNDED CATS BEING 'EXCITING' http://t.co/BJycRGfH5y
341,Love is the weapon for this wounded generation &lt;3
342,@AsterPuppet wounded and carried her back to where his brothers and sisters were and entered the air ship to go back to Academia
343,I'm liable to sound like a wounded animal during sex if the ?? is good lol
344,.@wwp is serving more than 75k veterans. 52k OIF/OEF vets have physical wounds; many more have invisible ones http://t.co/sHHLV4dPlz #client
345,National free root beer float day is tomorrow at A&amp;W from 2pm-close!! Help support the Wounded Warrior Project with donations!! :)
346,-- small bag from the bottom the wounded hero shakes it. A Senzu Bean falls from it. Gohan聣脹陋s surprised. Shakes the pouch once more but --
347,@CharlesDagnall He's getting 50 here I think. Salt. Wounds. Rub. In.
348,Nout like rubbin salt in the wounds dad.. ?????? http://t.co/M8UfjDtlsm
349,Read ~ THE UNHEALED WOUNDS OF AN UNENDING CONFLICT #Kashmir #Pakistan #India http://t.co/sAF9MoSkSN #EndOccupation #EndConflict #FreeKashmir
350,We would become the mirrors that reflected each other's most private wounds and desires.
351,Acc to the study conducted by SKIMS morethan 50% population in #Kashmir suffer psychiatric disorders http://t.co/sAF9MoSkSN #KashmirConflict
352,You are equally as scared cause this somehow started to heal you fill your wounds that you once thought were permanent.
353,"white ppl bruise easily.. where ur bullet wounds at ?? 

https://t.co/6vyYER6PY0"
354,Help yourself or those you love who suffer from self-esteem wounds. You can today! http://t.co/tu6ScRSXVG http://t.co/iDhj4JBQ05
355,Crack in the path where I wiped out this morning during beach run. Surface wounds on left elbow and right knee. http://t.co/yaqRSximph
356,Dr. Owen says four of Ferrell's ten bullet wounds were 'rapidly lethal' #KerrickTrial #TWCNewsCLT http://t.co/nNBEXhKlHr
357,@mattmosley post a pic of your wounds please
358,11 puncture wounds
359,Having your wounds kissed by Someone who doesn't see them as disasters in your soul but rather cracks to pour their love into is amazing.
360,@FEVWarrior -in the Vault that could take a look at those wounds of yours if you'd like to go to one of these places first.' Zarry has had-
361,Cutting for some celebrety and then posting the wounds online is a no-go.
362,If time heals all wounds how come the belly button stays the same?
363,and I thought my surgical wounds were healed!!! this weather ain't helping either ):
364,It is not always friendship when kisses show up neither is it always enemity that shows up when wounds show up. #BishopFred
365,I keep scrolling to find out what he said or did....but there seems to be no exact starting point.  Wounds run deep. : /
366,@BritishBakeOff This has opened up old baked alaskan shaped wounds. Too soon GBBO too soon... #neverforget
367,@ego_resolution im glad. My gay can heal 1000 wounds
368,Court back in session. Testimony continues with med. examiner discussing gunshot wounds #KerrickTrial
369,@IcyMagistrate 聣脹脫her upper arm聣脹脪 those /friggin/ icicle projectiles聣脹脪 and leg from various other wounds the girl looks like a miniature more聣脹脫
370,@NicolaClements4 I聣脹陋m not sure that covering my head in wounds and scabs is the solution ;)
371,@DauntedPsyche - Man gently dabbed the cotton rag across each one of his wounds; the pain a lot more worse than Glenn had ever -
372,"Crawling in my skin
These wounds they will not hea"
373,Sorrower  - Fresh Wounds Over Old Scars  (2015 Death Metal) http://t.co/L056yj2IOi http://t.co/uTMWMjiRty
374,@Squeaver just hangin out in star buck watchin my boy wreck this septic tank
375,@Captainn_Morgan car wreck ??
376,I am a wreck
377,Season 3 of New Girl was such a emotional train wreck I just wanted to cry laugh and eat a lot of ice cream
378,Did I drink too much? Am I losing touch? Did I build a ship to wreck?
379,"I'm a friggin wreck destiel sucks (read the vine description)
https://t.co/MKX6Ux4OZt"
380,Watertown Gazette owner charged in wreck http://t.co/JHc2RT0V9F
381,How many cars do those cyclists wreck going past scratching with pedals. They should be banned #c4news
382,@Memenaar But the design decision to 'Let's make something fresh and beautiful and wonderful and then WRECK IT' is kindof odd in restrospect
383,@_PokemonCards_ @IceQueenFroslas why did they have to wreck it with ON SALE HERE ;-;
384,Ranking #artectura #pop2015 #N氓录36 Florence + The Machine - Ship To Wreck https://t.co/9LE0B19lVF  #music #playlist #YouTube
385,the sunset boys wreck my bed   original 1979 usa gimp label  vinyl 7' 45  newave http://t.co/X0QLgwoyMT http://t.co/hQNx8qMeG3
386,#Trump debate will be most highly watched show tonight even among progressives. I too will watch hoping for a spectacular flaming wreck.
387,Anyone know if Fox 聣脹脧News聣脹聺 will be live-streaming tonight聣脹陋s Republican debate online? I want to watch the train wreck.
388,@girlthatsrio have my uncles wreck their shit
389,First wreck today. So so glad me and mom are okay. Could've been a lot worse. So happy the lord was with us today ??????
390,I'm an emotional wreck right now.
391,act my age was a MESS everyone was so wild it was so fun my videos a wreck
392,@GeorgeFoster72 and The Wreck of the Edmund Fitzgerald
393,GOP debate drinking game. For anyone looking for a bit of fun while watching this train wreck. http://t.co/W3Rga0nkOm http://t.co/0TZsQe8ESD
394,Got in a car wreck. The car in front of me didn't put their blinker on :-))) but it really does feel great outside so lol
395,Don't think I Can take anymore emotional wreck watching @emmerdale #SummerFate @MikeParrActor @MissCharleyWebb
396,The court system is truly broken indeed! But then its no surprise based on who it's run by! http://t.co/uU64wfg17m
397,Greer man dies in wreck http://t.co/n2qZbMZuly
398,A staged locomotive wreck what could possibly go wrong? http://t.co/Ei9x4H8tHm
399,i still don't see the point of a frozen sequel like where's the wreck it ralph sequel
400,I still need to finish the lover but I'm watching this other drama for 8 hours now and I'm an emotional wreck so the lover needs to wait
401,Omg if Cain dies i will be an emotional wreck #emmerdale
402,@raineishida lol...Im just a nervous wreck :P
403,Amazon Prime Day: 12 quick takeaways from Amazon聣脹陋s magnificent train wreck - http://t.co/DBDwtOcGXF
404,I'm an emotional wreck watching emmerdale
405,MH370 victim's family furious the media was told about wreckage confirmation first http://t.co/carMqiVkwU
406,The first piece of wreckage from the first-ever lost Boeing 777 which vanished back in early March along with the 239 people on board has
407,"Wreckage is MH370: Najib
http://t.co/iidKC0jSBx #MH370 #najibrazak #MalaysiaAirlines"
408,Wrecked an hour on YouTube with @julian_lage @GrantGordy &amp; @RossMartin7 and now it's practice time again.
409,late night mcdonalds with friends = hilarious although my car is wrecked and there's half a steak pastie in the industrial estate
410,good luck to everyone who has school soon but your sleeping schedule is wrecked beyond repair
411,I wonder how times someone has wrecked trying to do the 'stare and drive' move from 2 Fast 2 Furious
412,Cramer: Iger聣脹陋s 3 words that wrecked Disney聣脹陋s stock 聣脹脪氓脢CNBC http://t.co/PnlucERp0x
413,Poor Liv and I getting our phones wrecked on the same day @oliviaapalmerr #thatswhatfriendsarefor
414,#news Cramer: Iger's 3 words that wrecked Disney's stock http://t.co/SF5JdNvdw9 #til_now #CNBC
415,James Kunstler: How bad architecture wrecked cities http://t.co/Ac6I3tE8mT #residualincome #mlm http://t.co/Wq0JLsHW1g
416,http://t.co/DeQQOpSP4f: Iger's 3 words that wrecked Disney's stock http://t.co/LbKvFqRpgT http://t.co/3rVa5uvt0P
417,The Twitter update pretty much wrecked the app
418,You wrecked me. Never felt so low in my life. But it's okay God got me
419,coleslaw #wrecked http://t.co/sijNBmCZIJ
420,The twins pitcher's ego is now WRECKED
421,@Tunes_WGG lol. U got wrecked
422,you wrecked my whole world
423,I wrecked my stomach help
424,@__ohhmyjoshh @stevenrulles he not gonna be thinking that when he gets his shit wrecked on the first day of school ??
425,Wrecked tired but not gonna be asleep before 3??
426,http://t.co/qVx0VQTPz0 Cramer: Iger's 3 words that wrecked Disney's stock http://t.co/vuWBSrSnrY
427,Wrecked emotions.
428,The Riddler would be the best early-exit primary presidential wannabe ever all certain of his chances until he gets wrecked by a rich guy
429,@marynmck That's beyond adorable. I hope it won't be wrecked now that it's been noticed ...
430,Cramer: Iger's 3 words that wrecked Disney's stock http://t.co/3G79prAyYc #cnbc #topnews
431,@Caitsroberts see U the night wee bArra to get absolutely wrecked ????
432,@Kirafrog @mount_wario Did you get wrecked again?
433,Had an awesome time gettin wrecked at bowling last night! http://t.co/Da9lZtOn1c
434,Cramer: 3 words that wrecked DIS stock - http://t.co/ud7XObYUa1
435,On the bright side I wrecked http://t.co/uEa0txRHYs
436,He just wrecked all of you http://t.co/y46isyZkC8
437,@widda16 ... He's gone. You can relax. I thought the wife who wrecked her cake was a goner mind lol #whoops
438,@jt_ruff23 @cameronhacker and I wrecked you both
439,Three days off from work and they've pretty much all been wrecked hahaha shoutout to my family for that one
440,#FX #forex #trading Cramer: Iger's 3 words that wrecked Disney's stock http://t.co/7enNulLKzM
441,@engineshed Great atmosphere at the British Lion gig tonight. Hearing is wrecked. http://t.co/oMNBAtJEAO
442,Cramer: Iger's 3 words that wrecked Disney's stock - CNBC http://t.co/N6RBnHMTD4
443,These boxes are ready to explode! Exploding Kittens finally arrived! gameofkittens #explodingkittens聣脹_ https://t.co/TFGrAyuDC5
444,Sirens everywhere!
445,Omg earthquake
446,I just heard a really loud bang and everyone is asleep great
447,A gas thing just exploded and I heard screams and now the whole street smells of gas ... ??
448,Father-of-three Lost Control of Car After Overtaking and Collided #BathAndNorthEastSomerset http://t.co/fa3FcnlN86
449,1.3 #Earthquake in 9Km Ssw Of Anza California #iPhone users download the Earthquake app for more information http://t.co/V3aZWOAmzK
450,on the flip side I'm at Walmart and there is a bomb and everyone had to evacuate so stay tuned if I blow up or not
